{
  "default": "1.21.1-neoforge",
  "versions": [
    {
      "id": "1.20.1-forge",
      "project": "1.20.1-forge",
      "mcVersion": "1.20.1",
      "loader": "forge",
      "vars": {
        "BUILD_SCRIPT": "build.gradle.forge",
        "PACK_FORMAT": "26",
        "LOADER_FILE": "mods.toml",
        "loaderVersion": "47.3.0"
      }
    },
    {
      "id": "1.20.2-forge",
      "project": "1.20.2-forge",
      "mcVersion": "1.20.2",
      "loader": "forge",
      "vars": {
        "BUILD_SCRIPT": "build.gradle.forge",
        "PACK_FORMAT": "32",
        "LOADER_FILE": "mods.toml",
        "loaderVersion": "47.3.0"
      }
    },
    {
      "id": "1.20.3-forge",
      "project": "1.20.3-forge",
      "mcVersion": "1.20.3",
      "loader": "forge",
      "vars": {
        "BUILD_SCRIPT": "build.gradle.forge",
        "PACK_FORMAT": "32",
        "LOADER_FILE": "mods.toml",
        "loaderVersion": "47.3.0"
      }
    },
    {
      "id": "1.20.4-forge",
      "project": "1.20.4-forge",
      "mcVersion": "1.20.4",
      "loader": "forge",
      "vars": {
        "BUILD_SCRIPT": "build.gradle.forge",
        "PACK_FORMAT": "32",
        "LOADER_FILE": "mods.toml",
        "loaderVersion": "47.3.0"
      }
    },
    {
      "id": "1.20.5-forge",
      "project": "1.20.5-forge",
      "mcVersion": "1.20.5",
      "loader": "forge",
      "vars": {
        "BUILD_SCRIPT": "build.gradle.forge",
        "PACK_FORMAT": "34",
        "LOADER_FILE": "mods.toml",
        "loaderVersion": "47.3.0"
      }
    },
    {
      "id": "1.20.6-forge",
      "project": "1.20.6-forge",
      "mcVersion": "1.20.6",
      "loader": "forge",
      "vars": {
        "BUILD_SCRIPT": "build.gradle.forge",
        "PACK_FORMAT": "34",
        "LOADER_FILE": "mods.toml",
        "loaderVersion": "47.3.0"
      }
    },

    {
      "id": "1.21.1-neoforge",
      "project": "1.21.1-neoforge",
      "mcVersion": "1.21.1",
      "loader": "neoforge",
      "vars": {
        "BUILD_SCRIPT": "build.gradle.neoforge",
        "PACK_FORMAT": "48",
        "LOADER_FILE": "neoforge.mods.toml",
        "loaderVersion": "21.1.209"
      }
    },
    {
      "id": "1.21.2-neoforge",
      "project": "1.21.2-neoforge",
      "mcVersion": "1.21.2",
      "loader": "neoforge",
      "vars": {
        "BUILD_SCRIPT": "build.gradle.neoforge",
        "PACK_FORMAT": "48",
        "LOADER_FILE": "neoforge.mods.toml",
        "loaderVersion": "21.2.+"
      }
    },
    {
      "id": "1.21.3-neoforge",
      "project": "1.21.3-neoforge",
      "mcVersion": "1.21.3",
      "loader": "neoforge",
      "vars": {
        "BUILD_SCRIPT": "build.gradle.neoforge",
        "PACK_FORMAT": "48",
        "LOADER_FILE": "neoforge.mods.toml",
        "loaderVersion": "21.3.+"
      }
    },
    {
      "id": "1.21.4-neoforge",
      "project": "1.21.4-neoforge",
      "mcVersion": "1.21.4",
      "loader": "neoforge",
      "vars": {
        "BUILD_SCRIPT": "build.gradle.neoforge",
        "PACK_FORMAT": "48",
        "LOADER_FILE": "neoforge.mods.toml",
        "loaderVersion": "21.4.+"
      }
    },
    {
      "id": "1.21.5-neoforge",
      "project": "1.21.5-neoforge",
      "mcVersion": "1.21.5",
      "loader": "neoforge",
      "vars": {
        "BUILD_SCRIPT": "build.gradle.neoforge",
        "PACK_FORMAT": "48",
        "LOADER_FILE": "neoforge.mods.toml",
        "loaderVersion": "21.5.+"
      }
    },
    {
      "id": "1.21.6-neoforge",
      "project": "1.21.6-neoforge",
      "mcVersion": "1.21.6",
      "loader": "neoforge",
      "vars": {
        "BUILD_SCRIPT": "build.gradle.neoforge",
        "PACK_FORMAT": "48",
        "LOADER_FILE": "neoforge.mods.toml",
        "loaderVersion": "21.6.+"
      }
    },
    {
      "id": "1.21.7-neoforge",
      "project": "1.21.7-neoforge",
      "mcVersion": "1.21.7",
      "loader": "neoforge",
      "vars": {
        "BUILD_SCRIPT": "build.gradle.neoforge",
        "PACK_FORMAT": "48",
        "LOADER_FILE": "neoforge.mods.toml",
        "loaderVersion": "21.7.+"
      }
    },
    {
      "id": "1.21.8-neoforge",
      "project": "1.21.8-neoforge",
      "mcVersion": "1.21.8",
      "loader": "neoforge",
      "vars": {
        "BUILD_SCRIPT": "build.gradle.neoforge",
        "PACK_FORMAT": "48",
        "LOADER_FILE": "neoforge.mods.toml",
        "loaderVersion": "21.8.+"
      }
    },
    {
      "id": "1.21.9-neoforge",
      "project": "1.21.9-neoforge",
      "mcVersion": "1.21.9",
      "loader": "neoforge",
      "vars": {
        "BUILD_SCRIPT": "build.gradle.neoforge",
        "PACK_FORMAT": "48",
        "LOADER_FILE": "neoforge.mods.toml",
        "loaderVersion": "21.9.+"
      }
    }
  ]
}
